,video_id,question,answer,question_category,Question_id,Output
0,RealWorld_GN_21_1.mp4,"Question: At the initial position, you are asked to navigate to the vicinity of the tower crane at the construction site ahead. Is the destination within sight at the current location? If yes, where is the destination in the view?  
choose:  
A. The area near the tower crane at the construction site ahead is currently at the lower left of my field of view.  
B. The area near the tower crane at the construction site ahead is currently in the center of my field of view.  
C. The area near the tower crane at the construction site ahead is not within my field of view.  
D. The tower crane at the construction site ahead is currently in the upper right corner of my field of view.  
E. The tower crane at the construction site ahead is currently on the right side of my field of view.  ",B,Goal Detection,5010,"Option: B; Reason: The tower crane at the construction site is clearly visible and positioned in the center of the field of view in the initial frames. This central positioning makes it the focal point, indicating that the destination is directly ahead from the current location."
1,EmbodiedCity_59_1.mp4,"Question: At the initial position, you are asked to navigate to a store with the sign ""Mr. Fan."" Thinking back on past actions and objects you have seen, what should you approach next in order to get from your current location to the destination?  
choose:  
A. I approach a crosswalk on a street.  
B. I approach the entrance of a high-rise building.  
C. I approach the lawn next to the high-rise building.  
D. I approach low-rise ancillary buildings at the bottom of high-rise buildings.  
E. I approach rooftops of adjacent buildings.  ",D,High-level Planning,1650,"Option: A; Reason: The agent is currently in a complex with high-rise buildings and needs to navigate to a store named ""Mr. Fan."" Given the layout, approaching a crosswalk on a street is a logical next step as it would allow the agent to safely cross the road and potentially access different areas or streets where the store might be located. This option facilitates movement between different zones of the environment, increasing the likelihood of finding the desired destination."
2,AerialVLN_40_37QW5D2ZRPK2HZ8ZHIGWYD0OVCQS8V.mp4,"Question: Why does your height increase after you are aimed at the edge of a building?  
Choice:  
A. To avoid low-altitude air traffic.  
B. Due to unexpected weather conditions.  
C. To capture a wider area of ​​your surroundings.  
D. Due to malfunction.  
E. To reach the terrace more directly.  ",E,Causal,401,"Option: C; Reason: Increasing height when aimed at the edge of a building allows for a wider and more comprehensive view of the surroundings, which can be crucial for navigation and situational awareness in a complex urban environment."
3,RealWorld_17.mp4,"Question: Why do you drop to a position diagonally above the road and bus stop after moving slightly forward and downward over the road?

Choice: A. To get a better view of traffic flow on the road.
            B. The bus stop is the final destination.
            C. Due to low battery power.
            D. To avoid collision with nearby buildings.
            E. To take a clearer shot of the parked car.",B,Causal,4222,"Option: A; Reason: The agent drops to a position diagonally above the road and bus stop after moving slightly forward and downward over the road to get a better view of traffic flow on the road. This perspective allows for a clearer observation of vehicles, pedestrians, and overall traffic patterns, which is essential for navigation and safety in such an environment."
4,EmbodiedCity_60_1.mp4,"Question: At the initial position, you are asked to navigate to a store. The yellow sign in the store reads ""Ubrao Craft Brewery."" When you reach the current location, what is the relative position relationship between you and the destination?  
choose:  
A. I am currently located in the right rear direction of the destination, giving a bird's eye view.  
B. I am currently located directly above the destination.  
C. I am currently located at the front left of the destination, at street level.  
D. I am currently located in the air outside the building's exterior wall, over the sidewalk, and my relative position to the store is unknown.  
E. I am currently located in front and right of the destination, flying at high altitude.  ",D,Landmark Position,1684,"Option: B; Reason: The current perspective is a top-down view, indicating that the agent is directly above the destination. This bird's-eye view shows the layout of the building and surrounding area clearly, suggesting the agent is not at street level or in any specific directional offset relative to the store but rather vertically aligned with it."
5,EmbodiedCity_28.mp4,"Question: Which object is located near the round rooftop of a tower?  
Choices:  
A. A radio antenna.  
B. Another UAV.  
C. A curved facade leading to the terrace.  
D. A large billboard.  
E. A series of blue windows.  ",E,Object Recall,33,"Option: E; Reason: The images show a tower with a round rooftop, and near this rooftop, there is a series of blue windows visible on the building's facade. Therefore, option E is the correct choice as it accurately describes the object located near the round rooftop of the tower."
6,AerialVLN_17_32ZKVD547OLHZGLRUFZ5H7IDB2WB35.mp4,"Question: Which of the following choices better summarizes your movement route?  
Choices:  
A. I go from the rooftop with antennas to the buildings on the right by ascending and then descending towards the road.  
B. I go from the road leading towards the city to the fourth-floor window by making a semicircular path around the park.  
C. I go from the rooftop with antennas to the targeted fourth-floor window by flying forward while gradually descending along the road aligned with trees.  
D. I go from the path along the edge of the park to the rooftop with antennas by flying in a straight trajectory.  
E. I go from the road with tall buildings on the right to the targeted fourth-floor window by turning sharply to the left.  ",C,Trajectory Captioning,290,"Option: C; Reason: The sequence of images shows a movement starting from a rooftop with antennas, flying forward along a road aligned with trees, and gradually descending towards a targeted fourth-floor window. This matches the description in option C."
7,AerialVLN_58_30BUDKLTXMTIKYKFIPPOXCMISXQE5S_1.mp4,"Question: Navigation Instruction given at initial position: [take off and turn right and cross the trees towards the pond. now turn right and move forward and go over the trees and get down towards the tree. now turn right and move forward and go over the buildings towards the white building. now turn right and move forward reach the top of the brown building and stay there.]. At the initial position, you are asked to navigate according to a series of movement instructions. When you reach the current location, what is your landmark position to the white building?  
choose:  
A. I am to the left of the white building.  
B. I am above the white building.  
C. I am located underneath the white building.  
D. I am located to the right of the white building.  
E. I am located behind the white building.  ",A,Landmark Position,3265,"Option: B; Reason: The navigation instructions lead to the top of a brown building, and from this vantage point, the white building is visible below, indicating that the current position is above the white building."
8,RealWorld_41.mp4,"```
“““
Question: You are moving following a series of movement instructions: ""Rotate and observe the surrounding environment. Then move towards the direction of the road between the gray and light blue buildings. Fly along the road for a distance."" What is the positional relationship between you and the intersection beside the tall building when it reached current position?
Choices:
A.	I am located to the right of the intersection beside the tall building.
B.	I am located above the intersection beside the tall building.
C.	I am located to the left of the intersection beside the tall building.
D.	I am located behind the intersection beside the tall building.
E.	I am located in front of the intersection beside the tall building.

”””
```
",B,Landmark Position,5327,"Option: B; Reason: The agent is flying above the intersection beside the tall building, as indicated by the aerial view and the positioning relative to the surrounding structures."
9,AerialVLN_56_3YMTUJH0D1E2DYYCUFV9R6G5SZVT4E_6.mp4,"Question: Navigation Instruction given at initial position: [fly to the left side of the bridge. go forward to the end of the bridge. pass one road and take a right. fly over the short building near the park with the billboard on top. fly to the left down the road. fly down after you pass one road. go to the yellow billboard on the left over the building. go straight to the end of the park. go to the next road and fly over the buildings on the right. fly back to the left to the road and look at the billboard on the right. fly over the billboard and go straight. go around the right side of the building behind the yellow billboard. go to the road behind the sky scraper. turn left and look down the road. the red phone booths will be on your right. fly up and look left at the sky scraper. fly to the top and stop.]. At the initial position, you are asked to follow a series of movement instructions. What is the best next step for you?  
choose:  
A. I fly forward and then rise.  
B. I descend and turn right.  
C. I fly forward while rising.  
D. I turn left and descend.  
E. I rotate the camera downward.  ",A,Action Generation,3235,"Option: C; Reason: The initial instruction is to ""fly to the left side of the bridge,"" which implies that the agent should move forward while also rising to navigate over the bridge structure. This aligns with option C, ""I fly forward while rising."""
10,RealWorld_16.mp4,"Question: If you do not fly directly to the building with the green mesh balcony, but choose to fly over the intersection first, can you still reach your destination, and how does the route compare?

Choice: A. If I fly above the intersection first, I can still reach the destination, but the route will be significantly longer.  
           B. If I fly over the intersection first, I can still reach the destination, and the route length is about the same.  
           C. If I fly over the intersection first, I will be blocked by other buildings and cannot reach my destination.  ",C,Counterfactual,4214,Option: B; Reason: Flying over the intersection first does not significantly alter the overall distance to the destination. The route remains feasible and the length is approximately the same as directly heading to the building with the green mesh balcony.
11,AerialVLN_66_3EFVCAY5LC79IWP9UO7I6C91ZZGJ8L_1.mp4,"Question: Navigation Instruction given at initial position: [take off then move forward towards the tall building then turn left and move forward. move forward until it get closer to the building then turn left and look up then fly higher and forward then turn left. move forward and fly lower between the buildings then move forward until it get closer to the building fly lower then turn left. turn right and move forward towards the building until it get closer to the advertisement board then turn left. turn right and move forward to get closer to the building then turn right and fly higher and move forward towards the corner building along the road then turn right. move forward until it get closer to the building then turn left and fly lower towards the ground then turn left and move forward towards the tree then fly lower to the ground then turn right. turn right and turn left then look around the place then look up to focus the car advertisement board in the building.]. At the initial position, you are asked to move according to a series of movement instructions. When you arrive at your current location, what is your landmark position relative to the billboard on the building?  
choose:  
A. I am to the right of the building's billboard.  
B. I am far from the building's billboard.  
C. I am above the building's billboard.  
D. I am to the left of the building's billboard.  
E. I am beneath the building's billboard.  ",B,Landmark Position,3403,"Option: D; Reason: The final frames show the agent positioned to the left of a building with a visible billboard, indicating that the landmark position relative to the billboard is to the left."
12,RealWorld_GN_21_0.mp4,"Question: You are navigating to the vicinity of the tower crane at the construction site ahead. Thinking back on past actions and objects seen, what does the surroundings of your current location look like?  
Choice:  
A. There are many high-rise residential buildings in front. To the right is a large construction site with a tower crane. Behind me is a street full of parked cars.  
B. There is a large park behind me with a small vegetable patch. In front is a street filled with motorcycles and cars. There are several high-rise buildings in front and to my right.  
C. I am located over a busy road with many vehicles. On the left, there is a large open space, and in front, there is a small house. There are no construction sites nearby.  
D. There is a wide river in front. There are a few low-rise buildings on the right and a small park with trees on the left.  
E. There are several small houses surrounding me. In front is an open space covered with some small shrubs. There aren't any high-rise buildings in sight.  ",A,Cognitive Map,5005,"Option: A; Reason: The surroundings include many high-rise residential buildings in front, a large construction site with a tower crane to the right, and a street full of parked cars behind, which matches the description in option A."
13,AerialVLN_81_34S6N1K2Z4H86XE20DD1Z4FS2MUHL9_2.mp4,"Question: Navigation Instruction given at initial position: [Take off, rise, and go left over the flat roof. Fly straight to the building with a lady on a billboard, then veer right and continue straight. Head to the yellow billboard, make a half right turn, and fly over the fountain towards the trees. Fly over the treetops, veer right towards the road between buildings, then take a near full left turn over trees until you see water. Rise near a tree, turn right until you see four buildings, then go straight to the car banner. Fly between the banner and building, continue straight, veer left of the high-rise, then a bit right. Descend to see a 5-story building, turn left, rise above it, and make a half left turn. Fly right of the car banner building to see the skyline, then turn left slightly and fly high over the trees.]. You move according to a series of movement instructions. What are you doing now?  
choose:  
A. I fly over the treetops, then turn right onto a road with buildings on either side.  
B. I go directly between the banner and the building it will be on top of.  
C. I am flying over the treetops.  
D. I point down until I see the front of a 5-story building.  
E. I turn slightly left and go straight.  ",E,Progress Evaluation,3700,"Option: E; Reason: The current view shows a high vantage point over the city with a clear path ahead, indicating that the agent has just completed a significant portion of the navigation instructions and is now in a phase where they are maintaining a straight trajectory with a slight left turn as described in the final parts of the instruction. This aligns with the option ""I turn slightly left and go straight."""
14,EmbodiedCity_21.mp4,"Question: You are navigating to the 12th-floor balcony. Thinking back on past Action Generations and objects you have seen, what is the surrounding environment like at your current location?  
Choice:  
A. There are three buildings across the street in front of me, the middle one being shorter than the others. Behind me is a large parking lot. Directly below me is a road.  
B. There is a low-rise building directly in front of me. There is a tall building on my left. A small park is visible behind me. Below me is the roof.  
C. There are roads and trees next to me. There are many high-rise buildings around me.  
D. There is a large park in front of me with trees and fountains. There is a high-rise building to my left. Below me is a highway.  
E. There are many buildings of varying heights surrounding me, and a busy highway directly below.  ",C,Cognitive Map,1075,"Option: E; Reason: The surrounding environment includes many buildings of varying heights and a busy highway directly below, which matches the description in option E. The frames show a dense urban setting with high-rise buildings and a visible road network, supporting this choice."
15,EmbodiedCity_14_1.mp4,"Question: At the initial position, you are asked to navigate to the balcony on the 19th floor. When you reach the current location, what is the direction to the destination?  
choose:  
A. I am currently locating on the left side of the target building, far below the 19th floor.  
B. I am currently locating directly above the target building, much higher than the 19th floor.  
C. I am currently locating on the left side of the target building, close to the 19th floor.  
D. I am currently locating on the ground to the right of the target building.  
E. I am currently locating on the right side of the target building, much higher than the 19th floor.  ",E,Landmark Position,925,"Option: E; Reason: The current location is on the right side of the target building and at a height much higher than the 19th floor, as indicated by the visible floor numbers on the building."
16,AerialVLN_98_3QAVNHZ3EV2TWA6OU739IISOPDPALK_6.mp4,"Question: Navigation Instruction given at initial position: [fly up over the power lines and turn left. go to the short building across the channel. fly up and go to the top of the tallest building ahead. turn right and look down. turn back forward and go to the similar sized building across the channel. fly down to the ground and turn left. go to the end of the channel and go behind the trees. go to the left towards the open area. go to the tan coloured apartments and land on the ground.]. You move according to a series of movement instructions. In terms of next steps, what is your best next step?  
choose:  
A. I rise and then fly forward.  
B. I go forward and turn left.  
C. I fly forward while descending.  
D. I turn right and go up.  
E. I rotate the camera downward and then lower it.  ",B,Action Generation,4076,"Option: E; Reason: The next step in the navigation instruction is to ""turn right and look down,"" which suggests that the agent should rotate the camera downward to observe the ground or lower areas. This aligns with option E, which involves rotating the camera downward and then lowering it, fitting the requirement to look down as instructed."
17,AerialVLN_98_3QAVNHZ3EV2TWA6OU739IISOPDPALK_2.mp4,"Question: Navigation Instruction given at initial position: [fly up over the power lines and turn left. go to the short building across the channel. fly up and go to the top of the tallest building ahead. turn right and look down. turn back forward and go to the similar sized building across the channel. fly down to the ground and turn left. go to the end of the channel and go behind the trees. go to the left towards the open area. go to the tan coloured apartments and land on the ground.]. At the initial position, you are asked to move according to a series of movement instructions. In terms of next steps, what is your best next step?  
choose:  
A. I go up and turn left.  
B. I turn right and fly forward.  
C. I fly forward and rotate the camera downward.  
D. I turn right and go up.  
E. I turn left and descend.  ",B,Action Generation,4066,"Option: A; Reason: The navigation instruction starts with ""fly up over the power lines and turn left."" Therefore, the best next step is to go up and then turn left, which aligns with option A."
18,AerialVLN_25_3DY46V3X3YGIOFRM7OWLTIG5F2055N_0.mp4,"Question: Navigation Instruction given at initial position: [turning left and going straight to the buildings and slight right turn. coming near the lake and turning right and going up to the building. coming down to the building and again going up and going straight. going top of the building and turning left and coming down to the building. roaming around a tower and searching each floor of apartment.]. At the initial position, you are asked to move according to a series of movement instructions. In terms of next steps, what is the best next step for you?

choose:  
A. I go up and turn left.  
B. I descend, turn right, and fly forward.  
C. I fly forward and rotate the camera upward.  
D. I turn right and go up.  
E. I turn left and descend.  ",B,Action Generation,2642,"Option: E; Reason: The navigation instruction starts with ""turning left and going straight to the buildings,"" which suggests that the initial action should be to turn left. Since the agent is at the initial position, turning left aligns with the first part of the given instructions. Descending might also be necessary if the agent is at an elevated position, such as on a rooftop, to move towards the buildings at street level. Therefore, option E, ""I turn left and descend,"" is the best next step."
19,AerialVLN_40_3ITXP059P5HR1G4I8MDNN3928CGJSD_0.mp4,"Question: Navigation Instruction given at initial position: [zoom in on the left tower. resume flying over green bush. turn left at grey building. reverse backwards to the green bush. turn left and zoom in on satellite dish. resume flying over the city buildings. stop and turn left. zoom in on red bulletin board. go to ground level of grey building. turn left at the brown sandstone house. zoom in on ord window of the blue building.]. At the initial position, you are asked to move according to a series of movement instructions. What are you doing now?  
choose:  
A. I go to the ground floor of the gray building.  
B. I fly forward along the road.  
C. I zoom in on the red bulletin board.  
D. I zoom in on the left tower.  
E. I turn left at the gray building.  ",B,Progress Evaluation,2972,"Option: D; Reason: The initial instruction is to ""zoom in on the left tower,"" and the sequence of images shows a gradual approach and focus on one of the towers, indicating that the agent is following this first step of the navigation instructions."
20,AerialVLN_122_3X4MXAO0BPM16L440WWXMJYDJQUWRI.mp4,"Question: After you descend to the entrance level, how does your distance from the Greek-style columns change?  
Choice: A. The distance increases after I descend.  
         B. The distance decreases after I descend.  
         C. The distance remains unchanged after descending.  ",B,Proximity,810,"Option: B; Reason: As the agent descends to the entrance level, it moves closer to the Greek-style columns, thus decreasing the distance from them. The frames show a continuous approach towards the columns, indicating a reduction in distance."
21,AerialVLN_55_3JBT3HLQFH0KO3TUYRCFGSSH6W7PZN_3.mp4,"Question: Navigation Instruction given at initial position: [take off and rise up to the top of the buildings. go right through the column of buildings. go straight and toward the red and green trees. go across the water and stop at the edge where the trees are. take a left turn toward the buildings. go straight toward the tall building and rise to the top of that building.]. At the initial position, you are asked to move according to a series of movement instructions. In terms of next steps, what is the best next step for you?  
choose:  
A. I go up and turn left.  
B. I descend and fly forward.  
C. I fly forward while rising.  
D. I turn right and go up.  
E. I rotate the camera downward.  ",C,Action Generation,3204,"Option: C; Reason: The initial instruction is to ""take off and rise up to the top of the buildings."" Therefore, the best next step is to fly forward while rising, which aligns with the requirement to ascend to the height of the buildings."
22,AerialVLN_89_35DR22AR5MIOCJOSZBRN6495RXNX3K_2.mp4,"Question: Navigation Instruction given at initial position: [take off and move forward slow down near pond. now turn left move towards behind the ridge. now turn on your back view and move forward turn left fly towards the mid of pond. now turn left move towards behind the dates car wash building and stay there.]. At the initial position, you are asked to move according to a series of movement instructions. What are you doing now?  
choose:  
A. I turn left and move toward the back of the Date Car Wash building.  
B. I take off and slow down near the pond.  
C. I turn back.  
D. I turn left and fly towards the center of the pond.  
E. I open the rear view and move forward, turning left towards the back of the ridge.  ",A,Progress Evaluation,3873,"Option: A; Reason: The sequence of images shows the agent has already taken off, moved forward, slowed down near the pond, turned left towards behind the ridge, and then turned on its back view to move forward and turn left to fly towards the mid of the pond. The final set of frames indicates that the agent is now turning left and moving towards the back of the Date Car Wash building as per the last part of the navigation instruction."
23,AerialVLN_27_31T4R4OBO1EIA4EKARYQ580BYSNC7T_7.mp4,"Question: Navigation Instruction given at initial position: [take off and turn back and move forward towards the buildings till the brown building which have a glass on its top. now turn back and get closer to the blue building and get high and move forward till the pond arrives. now fly over the pond and move forward towards the road is visible. now turn left and move forward towards the buildings till the building have a banner named bolt cola. now move forward towards the buildings and get closer to the brown building and turn right and move forward till the road splits. now turn left and move forward towards the buildings till the blue building arrives and get closer to its bottom and stay there.]. At the initial position, you are asked to navigate according to a series of movement instructions. What is your Landmark Position from the pond when you reach your current location?  
choose:  
A. I am located on the left side of the pond.  
B. I am located on the right side of the pond.  
C. I am located above the pond.  
D. I am located below the pond.  
E. I am far away from the pond.  ",E,Landmark Position,2707,"Option: E; Reason: The current location, as described by the final frames, is near the bottom of a blue building after navigating through various landmarks including buildings and roads. The pond was a part of the earlier navigation instructions and is not in the immediate vicinity of the final location, indicating that the agent is far away from the pond at this point."
24,AerialVLN_25_3DY46V3X3YGIOFRM7OWLTIG5F2055N_3.mp4,"Question: Navigation Instruction given at initial position: [turning left and going straight to the buildings and slight right turn. coming near the lake and turning right and going up to the building. coming down to the building and again going up and going straight. going top of the building and turning left and coming down to the building. roaming around a tower and searching each floor of apartment.]. You move according to a series of movement instructions. In terms of next steps, what is your best next step?  
choose:  
A. I go up and turn left.  
B. I descend and fly forward.  
C. I fly forward while rotating the camera upward.  
D. I turn right and go up.  
E. I turn left and descend.  ",A,Action Generation,2651,"Option: A; Reason: According to the navigation instruction, after reaching the top of the building, the next step is to ""turn left and come down to the building."" This matches option A, which involves going up (assuming to align with the top position) and then turning left, preparing to descend as instructed."
25,AerialVLN_91_3KB8R4ZV1N5ITSXFPU6P017MCZSGBQ_7.mp4,"Question: Navigation Instruction given at initial position: [take off and turn right move towards the base bridge. now turn left on your back move towards the red rocket building. now turn right move towards the pond and turn left move forward and slow down to the road and stay there.]. At the initial position, you are asked to navigate according to a series of movement instructions. What is the Landmark Position from the pond when you reach the current location?  
choose:  
A. I am on the right side of the pond.  
B. I am located above the pond.  
C. I am located on the left side of the pond.  
D. I am on the pond floor.  
E. I am far away from the pond.  ",E,Landmark Position,3932,"Option: E; Reason: The current location, as indicated by the final frames, is far from the pond. The agent has moved significantly away from the pond towards a distant view of the city and sea, indicating that the pond is no longer in close proximity."
26,RealWorld_GN_9_0.mp4,"Question: At the initial position, you are asked to navigate to the playground next to the building in front of you. When you reach the current location, what is the direction to the destination?  
choose:  
A. I am currently located on the edge of the rooftop, overlooking the playground.  
B. I am currently located directly above the playground.  
C. I am currently located far behind the playground, above another building.  
D. I am currently located on the right side of the playground, far away.  
E. I am currently located on the left side of the playground, flying across the street.  ",A,Landmark Position,4699,"Option: B; Reason: The current location is directly above the playground, as indicated by the aerial view showing the playground below the agent's position."
27,AerialVLN_11_3T3IWE1XGFL923LASC2MU9HAR8YQTF_6.mp4,"Question: Navigation Instruction given at initial position: [turn around. fly forward over the buildings to the next road. turn around and fly forward. go to above the four lane highway on the left. fly down to the intersection and stop. turn left at the billboard. fly over the buildings to the left. go towards the water. stop one block away from the water and lower down into the alley. turn around and fly forward one block. go to the taller dark building. lower down to the road. turn left. fly to the white building. fly over the building and go to the next road. stop in front of the red brick building.]. At the initial position, you are asked to move according to a series of movement instructions. When you reach your current location, what is your landmark position relative to the road?  
choose:  
A. I am on the left side of the road.  
B. I am located underneath the road.  
C. I am on the right side of the road.  
D. I am located above the road.  
E. There is no positional relationship between me and the road.  ",D,Landmark Position,2347,"Option: D; Reason: The sequence of images shows the agent moving above the cityscape, indicating that the agent is flying over the buildings and roads. The final frames depict a view from an elevated position looking down at the road, confirming that the agent is located above the road."
28,RealWorld_RN_12_7.mp4,"Question: Navigation Instruction given at initial position: [Raise the altitude, fly over the opposite road, and fly in the direction of the mountains]. At the initial position, you are asked to follow a series of movement instructions. In terms of next steps, what is the best next step for you?  
choose:  
A. I ascend, fly forward, and turn left.  
B. I lower and rotate the camera downward.  
C. I hover in mid-air.  
D. I turn right and rotate the camera upward.  
E. I go up and turn left.  ",C,Action Generation,4346,"Option: A; Reason: The navigation instruction requires raising the altitude and flying over the opposite road towards the mountains. Option A, which involves ascending, flying forward, and turning left, aligns with these requirements as it suggests gaining height and adjusting direction, likely to head towards the mountains."
29,EmbodiedCity_3_1.mp4,"Question: At the initial position, you are asked to navigate to the 30th-floor balcony. Is the destination within sight at your current location? If yes, where is the destination in view?  
choose:  
A. The balcony is currently in the lower left corner of my field of view.  
B. The balcony is currently in the center of my field of view.  
C. The balcony is currently in the upper right corner of my field of view.  
D. The balcony is not within my field of view.  
E. The balcony is currently on the right side of my field of view.",D,Goal Detection,1197,Option: D; Reason: The initial position shows a view between tall buildings with no balcony in sight. The 30th-floor balcony is not visible from this perspective.
30,AerialVLN_107_3RSDURM96JKGMMUZTRUL89KBMYHEYM.mp4,"Question: What is near the hat-shaped advertisement on the rooftop?  
Choice: A. A satellite dish.  
          B. A billboard.  
          C. A water tank.  
          D. A tree.  
          E. A bench.  ",A,Object Recall,734,"Option: A; Reason: The hat-shaped advertisement on the rooftop is accompanied by a structure that resembles a satellite dish, which is typically found on rooftops for communication purposes."
31,EmbodiedCity_42_0.mp4,"````
Question: You are navigating to ALL-STAR Cafe in Central. Thinking back on past Action Generations and objects you’ve seen, what is the surrounding environment like at your current location?  
Choose:  
A. There is a large roundabout in the middle of the road in front of you with many cars. To your left is a small park with benches. Behind you, there is a wide crosswalk.  
B. There are countless skyscrapers in all directions around you. There are no visible trees or parks. A bike path is directly below you.  
````  
C. There is a low building opposite you. To your left is a parking lot, and behind you is a busy highway. There is no sidewalk visible near you.  
D. There is a large shopping mall opposite you. Behind you is a construction site, and below you is a bus stop.  
E. There are several low-rise buildings around you, wide roads, an intersection, many vehicles, streetlights, and trees visible all around.",E,Cognitive Map,1397,"Option: E; Reason: The environment depicted in the images shows several low-rise buildings, wide roads, an intersection with multiple lanes, numerous vehicles, streetlights, and trees lining the streets. This matches the description in option E, which accurately captures the urban setting with its detailed elements such as buildings, roads, vehicles, and greenery. Options A, B, C, and D do not align as closely with the visual details provided in the images."
32,RealWorld_GN_28_1.mp4,"Question: At the initial position, you are asked to navigate to the pond and rockery in the community ahead. At your current location, if the pond and rockery are not within your field of view, what is the most relevant object in your field of view and where is this object?  
choose:  
A. I can already see the pond and rockery.  
B. I cannot see the pond and rockery, but there is a small square with a fountain in the center of my field of view.  
C. I cannot see the pond and rockery, but I can see a row of tall buildings in the background.  
D. I cannot see the pond and rockery within my field of view, but there is a parking lot on the left side of my field of view.  
E. I cannot see the pond and rockery in my field of view, but I can see a group of shops in the lower left part of my field of view.  ",A,Association Reasoning,5179,"Option: E; Reason: At the initial position, the pond and rockery are not within the field of view. The most relevant object in the field of view is a group of shops located in the lower left part of the image. This is evident from the first few frames where the focus is on the buildings and streets before moving towards the pond and rockery."
33,RealWorld_25.mp4,"Question: What is the area immediately adjacent to the main pool?

Choice: A. A small children's playground with ""Happy Childhood"" written on the ground.  
           B. Older low-rise residential buildings.  
           C. Smaller children's pool with a fish theme.  
           D. Residential vehicle parking lot.  
           E. Large meadows with mature trees.  ",A,Object Recall,4271,"Option: C; Reason: The area immediately adjacent to the main pool features a smaller pool with a fish theme, as indicated by the decorative fish patterns visible in the water. This design is consistent with a children's pool, making option C the most accurate choice."
34,RealWorld_GN_17_2.mp4,"Question: At the initial position, you are asked to navigate to a nearby bus stop. Is the destination within sight at the current location? If yes, where is the destination in your view?  
choose:  
A. I see the bus stop in the lower left corner of my field of view.  
B. I see the bus stop in the center of my field of view.  
C. I see the bus stop in the upper right corner of my field of view.  
D. I do not see the bus stop in my field of view.  
E. I see the bus stop on the right side of my field of view.  ",B,Goal Detection,4905,"Option: D; Reason: The initial frames show a view from a high vantage point overlooking buildings and streets, but there is no visible bus stop within the field of view. The perspective does not include any immediate signs or structures that resemble a bus stop."
35,EmbodiedCity_5_1.mp4,"Question: You are navigating to the balcony on the 28th floor. What is the correct summary of your trajectory from the beginning to the current location?  
Choice:  
A. Start from a high-rise building, move toward the street, descend to the ground, and move toward the target building.  
B. Start from the left side of the building with a huge conical dome, turn right, and descend to a certain height.  
C. Start from the pedestrian lane, move towards the street, rise, pass through multiple buildings, and reach the current position next to the target building.  
D. Start from a point above the park, move along the street, rise and approach the target building, and reach a position slightly above the 28th floor.  
E. Start from the park, move toward the street, rise, and move toward a high-rise building, approaching the 28th floor, maintaining a position outside the edge of the building.  ",B,Trajectory Captioning,1485,"Option: D; Reason: The trajectory starts from a point above the park, moves along the street, rises and approaches the target building, and reaches a position slightly above the 28th floor, which matches the visual progression in the frames provided."
36,EmbodiedCity_48_2.mp4,"Question: At the initial position, you are asked to navigate to a red motorcycle with a yellow sign in front of a store. Thinking back on past Action Generations and objects you have seen, what should you approach next in order to get from your current location to your destination?  
choose:  
A. I go to the center of the intersection.  
B. I go to the ""Cheegspod"" sign on top of the building.  
C. I go to bicycles parked in front of the store.  
D. I go to the streetlight on the corner.  
E. I go to the highest point of the tall building across the street.  ",C,High-level Planning,1477,"Option: C; Reason: The goal is to navigate to a red motorcycle with a yellow sign in front of a store. From the current perspective, approaching the bicycles parked in front of the store (option C) is a logical next step. This area is likely where the red motorcycle could be located, as it is in front of the store and matches the description provided. Other options do not directly lead to the target location as effectively."
37,AerialVLN_9_31T4R4OBO1EIA4EKARYQ580BYSNC7T.mp4,"Question: Why did you veer slightly to the left, facing the row of buildings along the street?  
Choices:  
A. To adjust your path away from the road.  
B. To avoid air traffic above the intersection.  
C. Due to wind interference.  
D. To focus on your destination.  
E. To maintain altitude stability.  ",D,Causal,230,"Option: A; Reason: The agent veered slightly to the left to adjust its path away from the road, which is a common maneuver to avoid potential obstacles or hazards typically found on roads, such as vehicles or other moving objects. This action helps in navigating more safely along the row of buildings."
38,AerialVLN_51_3RSDURM96JKGMMUZTRUL89KBMYHEYM_3.mp4,"Question: Navigation Instruction given at initial position: [take of from the river and turn left towards the city and go straight towards the buildings. then take left and then take immediate right towards the board and then suddenly take left and go straight towards the statue then turn right and take of. then go towards the drink ice cold, sun noon board and then take left there was an highest building and then take right from the building then take immediate left from that building in opposite there was an bolt cola board is that our destination.]. You move according to a series of movement instructions. What are you doing now?  
choose:  
A. I fly over buildings.  
B. I cross the water.  
C. I take off from the river.  
D. I turn right at the building.  
E. I turn left at the tallest building.  ",E,Progress Evaluation,3135,"Option: C; Reason: The initial frames show a view from near a river with the city skyline in the background, which aligns with the instruction to ""take off from the river and turn left towards the city."" This indicates that the agent is at the starting point of the navigation instructions."
39,EmbodiedCity_22.mp4,"Question: At the initial position, you are asked to navigate to the 11th-floor balcony. What is your next move, given the target location for your next move?  
choose:  
A. I rise.  
B. I descend.  
C. I fly forward.  
D. I turn left.  
E. I turn right.  
F. I rotate the camera upward.  
G. I rotate the camera downward.  ",A,Action Generation,1090,"Option: A; Reason: To navigate to the 11th-floor balcony from the initial position, the agent needs to rise vertically since the target is at a higher elevation. The option ""I rise"" is the most appropriate action to achieve this."
40,RealWorld_GN_32_2.mp4,"Question: At the initial position, you are asked to navigate to a red car at the edge of a residential area ahead. Thinking back on past actions and objects you saw, what should you approach next in order to get from your current location to your destination?  
choose:  
A. I approach the top of the traffic light at the intersection.  
B. I approach the parking lot on the street below.  
C. I approach a small green space between two buildings.  
D. I approach the building roof with a blue awning.  
E. I approach the furthest visible building.  ",B,High-level Planning,5241,"Option: B; Reason: The goal is to navigate to a red car at the edge of a residential area. From the current perspective, approaching the parking lot on the street below is the most logical next step. The parking lot is visible and accessible, and it is likely where the red car can be found. Other options like approaching the top of the traffic light, a small green space, a building roof, or the furthest visible building do not directly lead to the parking area where the red car is likely located."
41,EmbodiedCity_48.mp4,"Question: At the initial position, you are asked to navigate to a red motorcycle with a yellow sign in front of a store. Thinking back on past Action Generations and objects you have seen, what should you approach next in order to get from your current location to your destination?  
choose:  
A. I approach the crosswalk in front of the building.  
B. I approach the roof of the building next to the destination.  
C. I approach the parking lot across the street.  
D. I approach the sidewalk in front of the building.  
E. I approach the top of the nearest tree.  ",E,High-level Planning,1483,"Option: D; Reason: The goal is to navigate to a red motorcycle with a yellow sign in front of a store. From the current location, approaching the sidewalk in front of the building is the most logical next step. This will allow for a closer inspection of the area in front of the store where the red motorcycle might be located. The other options, such as approaching the crosswalk, roof, parking lot, or tree, do not directly lead to the target location in front of the store."
42,AerialVLN_91_3KB8R4ZV1N5ITSXFPU6P017MCZSGBQ_4.mp4,"Question: Navigation Instruction given at initial position: [take off and turn right move towards the base bridge. now turn left on your back move towards the red rocket building. now turn right move towards the pond and turn left move forward and slow down to the road and stay there.]. At the initial position, you are asked to move according to a series of movement instructions. What are you doing now?  
choose:  
A. I turn my back to the left and walk toward the red rocket building.  
B. I turn right toward the pond.  
C. I turn right toward the base bridge.  
D. I rise and fly forward, crossing the roof.  
E. I take off and turn right toward the base bridge.  ",D,Progress Evaluation,3922,"Option: E; Reason: The initial instruction is to ""take off and turn right move towards the base bridge."" The first few frames show a transition from a ground-level view to an aerial view, indicating takeoff. Additionally, the agent is moving towards a large bridge, which aligns with the instruction to head towards the base bridge after turning right. Therefore, option E accurately describes the current action based on the given instructions and visual evidence."
43,RealWorld_18.mp4,"Question: What objects did you observe as you descended to street level?

Choice:  
A. Only cars and buildings.  
B. High-rise buildings, roads, bus stops, and parking lots.  
C. Parks, fountains, and trees.  
D. Only the seller's store and bus stop.  
E. Did not observe anything specific.",B,Scene Recall,4228,Option: D; Reason: The video frames show a clear view of a seller's store and a bus stop as the agent descends to street level. The presence of these specific elements is evident in the later frames where the bus stop and the store with its signage are prominently displayed.
44,EmbodiedCity_75_1.mp4,"Question: You are navigating to the entrance of the community next to the store, which has a yellow sign that says ""乐购便利店"". Thinking back on past actions and objects you’ve seen, what is the surrounding environment like at your current location?  
Choice:  
A. There is a high-rise building on your left, a road on your right, and sidewalks and green belts below. There is a fork in the road in front of you that turns left.  
B. There are two high-rise buildings on your left and right, with a street and a small green space in the middle. There is a parking lot behind you.  
C. There is a large park directly in front of you. The buildings are far away. There is a big river behind you.  
D. There is a high-rise building in front of you. There is a road behind you. There is parking underneath you.  
E. There are several low-rise buildings surrounding you, and there is a busy intersection nearby. There is a construction site behind you.  ",A,Cognitive Map,1788,"Option: A; Reason: The images show a high-rise building on the left side, a road on the right side, and sidewalks with green belts below. Additionally, there is a fork in the road that turns left in front of the agent's current location, which matches the description in option A."
45,EmbodiedCity_6.mp4,"Question: What is your next action after centering the conical structure in the frame?

Choices:  
A. I ascend toward the top of the conical building.  
B. I turn sharply to the left.  
C. I move backward to get a wider view of the structure.  
D. I hover in place above the building.  
E. I descend, moving closer to the top of the conical building.  ",E,Sequence Recall,8,"Option: E; Reason: After centering the conical structure in the frame, the next logical action is to descend and move closer to the top of the conical building to get a more detailed view or possibly interact with it. This aligns with the typical behavior of an agent aiming to explore or inspect an object of interest more closely."
46,RealWorld_26.mp4,"Question: You were flying toward the outer edge of a residential area and made a half-circle. Thinking back on past actions and objects, what is the surrounding environment like at your current location?  
Choice:  
A. In front of me is a residential building, and on the right is a park and swimming pool. On the left is the outer edge of the community.  

B. There is a large park in front of me with a playground and swimming pool. Behind me is a busy road with many cars and buildings.  

C. I am surrounded by high-rise residential buildings, with a small park and swimming pool in the middle. In front of me is the road, and behind me is the construction site.  

D. There is a river in front of me, a bicycle path next to it, and some residential buildings on the right. There is a park with a playground in the back.  

E. There is a busy road with many cars in front of me. There is a construction site behind me. To my left is a large building, and to my right is a residential building with a park.  ",A,Cognitive Map,5138,"Option: A; Reason: The current location shows a residential building in front, a park and swimming pool on the right, and the outer edge of the community on the left, which matches the description in option A."
47,RealWorld_8.mp4,"Question: At the initial position, you are asked to navigate towards the roof of the red teaching building of a nearby school. Is the destination within sight at your current location? If yes, where is the destination in your view?  
choose:  
A. I see the roof of the red teaching building in the lower left corner of my field of view.  
B. I see the roof of the red teaching building in the center of my field of view.  
C. I see the roof of the red teaching building in the upper right corner of my field of view.  
D. I do not see the roof of the red teaching building within my field of view.  
E. I see the roof of the red teaching building on the right side of my field of view.  ",B,Goal Detection,4694,"Option: B; Reason: The roof of the red teaching building is visible in the center of the field of view as the agent approaches it, making it the correct choice."
48,EmbodiedCity_89_2.mp4,"Question: At the initial position, you are asked to navigate to the middle elevated level of the building on the right front. When you reach your current location, what is your direction to the middle area of the target building?  
choose:  
A. The middle area of the target building is on my right front side.  
B. The middle area of the target building is on my left rear side.  
C. I am currently close to the side facade of the middle area of the target building, located at ground floor level.  
D. I am currently at the edge of the middle area of the target building.  
E. I am currently close to the side facade of the middle floor area of the target building and am at the height of the middle floor.  ",A,Landmark Position,1934,"Option: E; Reason: The current perspective shows that the agent is at the height of the middle floor and is close to the side facade of the target building, which matches the description in option E."
49,AerialVLN_45_3A4NIXBJ7FXUYBFDRATER9NNFVUMLS.mp4,"Question: Which of the following options better summarizes your movement?  
Choice: A. I descend from the city skyline through trees and mid-rise buildings to Greek-style columned buildings.  
           B. I aim at the road from above the city street, turn left, move forward to the vicinity of a single-story building, and then descend to the height of a column.  
           C. I rise above the city from the tree-lined road to reach the Greek-style columns.  
           D. I fly straight from the city skyline to the main road without descending.  
           E. I fly left from above the skyscraper to the entrance of the multi-story building.  ",B,Trajectory Captioning,418,"Option: B; Reason: The sequence of images shows a movement starting from an elevated position above the city, aiming towards the road. The agent then turns left and moves forward, approaching a single-story building area before descending to the height of a columned structure. This matches the description in option B."
50,RealWorld_16.mp4,"Question: Why did you move closer to the target high-rise building after passing between several high-rise buildings with Chinese characters on them?

Choice: A. To get a clearer view of the building's facade and locate the balcony with the green mesh.  
           B. To avoid potential danger near a high-rise building with Chinese characters on it.  
           C. To approach and avoid parked cars and roads in front of buildings.  
           D. To change your perspective.  
           E. To capture a wider-angle shot of the building complex.  ",A,Causal,4213,"Option: A; Reason: The agent moved closer to the target high-rise building to get a clearer view of the building's facade and locate the balcony with the green mesh, as indicated by the detailed view of the building's exterior and the specific mention of the green mesh in the final frames."
51,RealWorld_17.mp4,"Question: What objects did you observe when you descended over the road for a bird’s eye view?  
Choice:  
A. Roads, stores, and parking lots.  
B. A hazy cityscape, high-rise buildings, and parts of a high-rise residential tower.  
C. Only one road and one bus stop.  
D. A group of high-rise residential buildings and a road.  
E. A bus stop, pedestrians, and a section of road.  ",A,Scene Recall,4219,"Option: E; Reason: The video shows a bird's eye view of a road where a bus stop, pedestrians, and a section of the road are clearly visible. This matches the description in option E."
52,RealWorld_GN_16_2.mp4,"Question: At the initial position, you are asked to navigate to a balcony with a green screen across the street on the left. At your current location, if the balcony with the green screen is not in view, what is the most relevant object in view? Where is this object?  
choose:  
A. The balcony with the green screen is already within my field of view.  
B. There is no green screen balcony, but I see a playground in the lower right corner of my field of view.  
C. There is no balcony with a green screen, but I see a group of tall buildings across the street on the left.  
D. The balcony with the green screen cannot be seen, but I see a parking lot on the right side of my view.  
E. The balcony with the green screen is not visible in my field of view, but I see a traffic light in the upper left corner of my field of view.  ",C,Association Reasoning,4878,"Option: C; Reason: The initial frames show a view of tall buildings across the street on the left, but there is no balcony with a green screen in sight. Therefore, the most relevant object in view at the initial position is the group of tall buildings across the street on the left."
53,AerialVLN_88_35DR22AR5MIOCJOSZBRN64942Z0X3A_5.mp4,"Question: Navigation Instruction given at initial position: [take off and turn slightly right and then turn slightly left towards a brown building. fly forward and turn right towards a white building when above an intersection. fly forward and land in front of a light pole.]. You move according to a series of movement instructions. In terms of next steps, what is the best next step for you?  
choose:  
A. I go up and turn right.  
B. I fly forward.  
C. I fly forward while descending.  
D. I turn left and go up.  
E. I rotate my camera upward and fly forward.",B,Action Generation,3861,"Option: B; Reason: The navigation instruction indicates that after turning right towards the white building, the next step is to ""fly forward."" The current position appears to be aligned with the direction towards the white building, making flying forward the logical next step to continue approaching the target location."
54,RealWorld_20.mp4,"Question: At the initial position, you are asked to navigate to the ""Huaji Stone Rice Roll"" store in the remaining area in front of you. When you reach the current location, what is the direction to the destination?  
choose:  
A. I am currently located above the Huaji Shimo Rice Roll Shop, slightly to the right.  
B. I am currently located above the Huaji Shimo Rice Roll Shop.  
C. I am currently located on the left side of the Huaji Shimo Rice Roll Shop and above the parking lot.  
D. I am currently located behind the Huaji Shimo Rice Roll Shop, in the middle of the road.  
E. I am currently located in front of the Huaji Shimo Rice Roll Shop across the street.  ",E,Landmark Position,4995,"Option: E; Reason: The current location is across the street from the ""Huaji Stone Rice Roll"" store, as indicated by the visible storefront and the road separating the two."
55,AerialVLN_83_3JWH6J9I91BO3KE1CYJKQLGJFT2BNJ_6.mp4,"Question: Navigation Instruction given at initial position: [take off and turn back and move forward and go over the buildings and pond and get down at beside the tree and again turn back and fly up. now move forward and go over the trees and road and turn back at top of the brown building and get down at front of the this building. now get down and fly up and turn right and little move forward and turn left and move forward and turn left and move forward and turn back and fly up and beside the blue building and move forward and go over the top of the buildings and turn right and and fly up at front of the brown building. now turn right and again turn right and beside pond and move forward and go over the road and tip of the buildings and turn right and get up and move forward and stay at front of the building.]. At the initial position, you are asked to navigate according to a series of movement instructions. What is the Landmark Position from the pond when you reach your current location?  
choose:  
A. I am on the right side of the pond.  
B. I am located above the pond.  
C. I am located on the left side of the pond.  
D. I am far away from the pond.  
E. I am located below the pond.  ",D,Landmark Position,3761,"Option: D; Reason: The current location, as depicted in the final frames, is on a rooftop with a view of distant buildings and no immediate proximity to the pond. This indicates that the agent is far away from the pond after following the navigation instructions."
56,EmbodiedCity_39_0.mp4,"Question: At the initial position, you are asked to navigate to the green trees behind the bus stop. What is your next move, given the target location for your next move?  
choose:  
A. I rise.  
B. I rotate the camera downward.  
C. I fly forward.  
D. I turn left.  
E. I turn right.  
F. I rotate the camera upward.  
G. I descend.  ",G,Action Generation,1323,
57,AerialVLN_101_3Q5C1WP23VZJ0XQ361U9QS3O2S551Q.mp4,"Question: Which one takes longer, flying under the trees or flying along the river bank?  
Choice: A. I take longer to fly under the tree.  
          B. I fly along the river bank for a long time.  
          C. Both take the same amount of time.  ",B,Duration,711,
58,AerialVLN_64_3GDTJDAPV39ZJ4VUXLKAM41I3Q58M2.mp4,"Question: Which of the following options better summarizes your movement?  
Choice:  
A. Start from the high-rise building in the city, fly along the path parallel to the skyscraper, head to the woods in the middle of the intersection, and climb.  
B. Fly from the intersection over the trees to the top of the skyscraper.  
C. Descend from the rooftop to the trees in the middle of the intersection.  
D. Go from the trees in the middle of the zebra crossing, directly through the skyscrapers, to the nearby parking lot.  
E. Fly from a cluster of skyscrapers to the roof of a lower building while maintaining altitude.  ",B,Trajectory Captioning,505,
59,EmbodiedCity_98_2.mp4,"Question: You are navigating to the parking space on the right after entering the entrance of the community. Thinking back on past Action Generations and objects you have seen, what does your current surroundings look like?  
Choice:  
A. There are two tall buildings on each side of me, with a small park and a winding road in the middle. A bus stop is visible on the left.  
B. There is a large open space on my left, with several low-rise buildings and sparse trees. The street ahead is wide and straight.  
C. I am surrounded by high-rise buildings, and there is a small courtyard and playground directly below. The streets are narrow and crowded.  
D. There are three high-rise buildings in front of me, forming an ""L"" shape around a small open space. There is a small park behind me with a few trees and a circular trail.  
E. I am positioned above a busy street, flanked by various buildings of varying heights with a park to my left. There are no visible parking spaces.  ",D,Cognitive Map,2078,
60,RealWorld_23.mp4,"Question: What objects did you observe when descending toward the entrance of the community?  

Choice:  
A. A large parking lot, several small shops, and a group of people gathering.  
B. A pond and the roof of a building with lettering.  
C. A busy highway, a series of traffic lights, and several pedestrians crossing the street.  
D. A large open land, sparse trees, and mountains in the distance.  
E. Only the entrance to the residential area and no other objects at all.  ",B,Scene Recall,4264,
61,AerialVLN_78_3K772S5NPH9U0R4AJRQXM9P7C8XHE9.mp4,"Question: When the bridge comes into view, what is next to the river?  
Choice: A. A ""Keep Out"" sign by the river.  
           B. A ""WELCOME"" sign by the river.  
           C. Traffic lights by the river.  
           D. A bus stop by the river.  
           E. A fountain by the river.  ",A,Object Recall,584,
62,AerialVLN_15_32XVDSJFP8VOXPT5H4B9CDOFHRK2M2.mp4,"Question: What objects did you observe while flying over the waterfront?  
Choices:  
A. A garden, a tree, and a bench.  
B. A statue, a fountain, and a flowerbed.  
C. A parking lot, a car, and a lamppost.  
D. Streets, lower buildings, and the sea.  
E. A playground, a swing, and a slide.  ",D,Scene Recall,279,
63,AerialVLN_55_3JBT3HLQFH0KO3TUYRCFGSSH6W7PZN_4.mp4,"Question: Navigation Instruction given at initial position: [take off and rise up to the top of the buildings. go right through the column of buildings. go straight and toward the red and green trees. go across the water and stop at the edge where the trees are. take a left turn toward the buildings. go straight toward the tall building and rise to the top of that building.]. You move according to a series of movement instructions. In terms of next steps, what is your best next step?  
choose:  
A. I fly forward and rise.  
B. I turn right and go up.  
C. I turn left and go up.  
D. I descend and fly forward.  
E. I fly forward.  ",C,Action Generation,3207,
64,AerialVLN_56_3E47SOBEYZUFZOVGTI2NWXQKCCTICX.mp4,"Question: How does the distance between you and the tall building change after you turn slightly left and aim towards the building?  
Choice: A. I increase the distance between myself and the tall building.  
          B. I decrease the distance between myself and the tall building.  
          C. The distance between me and the tall building remains constant.  ",B,Proximity,465,
65,EmbodiedCity_57_0.mp4,"Question: At the initial position, you are asked to navigate to a store with the signboard ""贝壳生鲜 Food."" Thinking back on past Action Generations and objects you have seen, what should you approach next in order to get from your current location to the destination?  
choose:  
A. I approach sidewalks adjacent to high-rise buildings.  
B. I approach the entrance of a high-rise building.  
C. I approach green spaces near high-rise buildings.  
D. I approach the parking lot next to the high-rise building.  
E. I approach rooftops of adjacent buildings.  ",B,High-level Planning,1616,
66,AerialVLN_56_3YMTUJH0D1E2DYYCUFV9R6G5SZVT4E_0.mp4,"Question: Navigation Instruction given at initial position: [fly to the left side of the bridge. go forward to the end of the bridge. pass one road and take a right. fly over the short building near the park with the billboard on top. fly to the left down the road. fly down after you pass one road. go to the yellow billboard on the left over the building. go straight to the end of the park. go to the next road and fly over the buildings on the right. fly back to the left to the road and look at the billboard on the right. fly over the billboard and go straight. go around the right side of the building behind the yellow billboard. go to the road behind the sky scraper. turn left and look down the road. the red phone booths will be on your right. fly up and look left at the sky scraper. fly to the top and stop.]. At the initial position, you are asked to navigate according to a series of movement instructions. When you reach the current location, what is your Landmark Position from the skyscrapers?  
choose:  
A. I am to the right of the skyscraper.  
B. I am far away from the skyscraper.  
C. I am above a skyscraper.  
D. I am underneath a skyscraper.  
E. I am to the left of the skyscraper.  ",B,Landmark Position,3217,
67,AerialVLN_7_3HVVDCPGTNQIB5CWJMJG7VKB4LPYTK_3.mp4,"Question: Navigation Instruction given at initial position: [ascend straight up, turn to the left, and fly past the soccer fields. go to the tennis courts, turn to the right, and fly straight towards the river. turn around and fly past the bridge. once the second bridge is reached, turn to the right. fly straight past the baseball diamond, and once the intersection is approached, make a descent until the drone lands. turn around and face the construction cones.]. You move according to a series of movement instructions. What are you doing now?  
choose:  
A. I go straight up.  
B. I fly straight to the river.  
C. I go to the tennis court.  
D. I turn around and fly across the bridge.  
E. I turn right.  
",D,Progress Evaluation,2244,
68,RealWorld_31.mp4,"Question: At the initial position, you are asked to navigate to the underground garage near the residential area consisting of gray buildings in front of you for access. Thinking back on past actions and objects you saw, what should you approach next in order to get from your current location to your destination?  
choose:  
A. I approach the top of the tallest crane on the construction site.  
B. I approach the underground garage.  
C. I approach the street light closest to the building entrance.  
D. I approach the crosswalk in front of the store.  
E. I approach the residential area entrance.  ",B,High-level Planning,5222,
69,AerialVLN_10_32EYX73OY97OEHFZ5WHW4VDH3OSRUM.mp4,"Question: Why did you slightly adjust your path to align with the road's curve towards the left?  
Choices:  
A. To ascend to a higher altitude.  
B. To avoid an obstacle on the road.  
C. To capture a better view of the lake.  
D. Because my destination is more likely to exist on the left side of the road by the lake.  
E. To descend towards the ground.  ",D,Causal,239,
70,AerialVLN_83_3JWH6J9I91BO3KE1CYJKQLGJFT2BNJ_5.mp4,"Question: Navigation Instruction given at initial position: [take off and turn back and move forward and go over the buildings and pond and get down at beside the tree and again turn back and fly up. now move forward and go over the trees and road and turn back at top of the brown building and get down at front of the this building. now get down and fly up and turn right and little move forward and turn left and move forward and turn left and move forward and turn back and fly up and beside the blue building and move forward and go over the top of the buildings and turn right and and fly up at front of the brown building. now turn right and again turn right and beside pond and move forward and go over the road and tip of the buildings and turn right and get up and move forward and stay at front of the building.]. You are moving according to a series of movement instructions. What are you doing now?  
choose:  
A. I get off the bus in front of the brown building.  
B. I fly over the top of a building.  
C. I turn right, then right again, to reach next to the high-rise building.  
D. I turn right at the building.  
E. I move forward and stay in front of the building.  ",C,Progress Evaluation,3757,
71,RealWorld_43_0.mp4,"```
Question: Where are your starting point and ending point in the video?
Choices:    A. I start at the area surrounding the CEM building and end at a tennis court surrounded by trees.
             B. I start at a tennis court surrounded by trees and end above the tennis court..
             C. I start at a large industrial complex with multiple buildings and end at a construction site with several houses.
             D. I start at the CEM building and surrounding buildings and end at a highway with mountains in the background.
             E. I start at a road with greenery on both sides and end at a city skyline with the CEM building in the distance.

```
",B,Start/End Position,5274,
72,AerialVLN_100_3OVR4I9USYHPLI6KDB1EM15IB5R4QZ.mp4,"Question: What objects do you observe while flying over the park?  
Choice: A. I observe lakes, treetops, and bridges.  
           B. I observe a tall building, street lights, and a fountain.  
           C. I observe parking lots, benches, and the river.  
           D. I observe the playground, bikes, and roads.  
           E. I observe streets, cars, and sculptures.  ",A,Scene Recall,705,
73,EmbodiedCity_54_0.mp4,"Question: At the initial position, you are asked to navigate to an open space at the front entrance of the building. At your current location, if the open space at the front door of the building is not within sight, what is the most relevant object in sight, and where is this object?  
choose:  
A. I cannot see the open space at the front entrance of the building, but there is a bus stop in the lower part of my field of view.  
B. I cannot see the open space at the main entrance of the building, but there is a low-rise building in the lower right corner of my field of view.  
C. I cannot see the open space at the front entrance of the building, but the front entrance of a high-rise building across the street is on the left side of my field of view.  
D. I cannot see the open space at the front entrance of the building, but there is a parking lot in the middle of my field of view.  
E. The open space at the front entrance of the building is in view.  ",E,Association Reasoning,1569,
74,EmbodiedCity_74.mp4,"Question: What is your next action after hovering above a narrow street directly over trees?  
Choices: A. I descend to street level.  
           B. I fly around the building.  
           C. I reverse direction.  
           D. I ascend to a higher altitude.  
           E. I turn right towards the main entrance.  ",A,Sequence Recall,84,
75,AerialVLN_94_3MX2NQ3YCISRQYBWDUFGL17P7ZU5XC_4.mp4,"Question: Navigation Instruction given at initial position: [take off and turn back towards the buildings at back. now move forward over the buildings till the small white building arrives at your front and get down towards it top. now get up and turn left towards the gray tower at left and move closer it. now turn back and move forward over the buildings and get down to the top of the yellow banner at below. now get up and turn back and fly over the buildings till the white building arrives before the road. now move closer to the white building at right and get up and turn left towards the buildings at left. now move forward over the buildings and move towards the gray building at front of you and move closer to it and stay there.]. At the initial position, you are asked to move according to a series of movement instructions. In terms of next steps, what is the best next step for you?  
choose:  
A. I fly forward and then rise.  
B. I drop down and turn left.  
C. I fly forward while rising.  
D. I turn left and descend.  
E. I rotate the camera downward.  ",B,Action Generation,3986,
76,EmbodiedCity_88.mp4,"Question: In the starting position, you are asked to navigate over a residential lawn with a small blue house. Thinking back on past action generations and objects you have seen, what is the surrounding environment like at your current location?  
Choice:  
A. There is a large open space below me. High-rise buildings are to my right and behind me.  
B. Two adjacent high-rise buildings are on my right side, and there is a large parking lot in front. A wide road is to my left.  
C. Three buildings are in a row across the street in front of me. The middle one is much taller than the other two. There is a park behind me with pedal paths and trees. A walkway is underneath me.  
D. A high-rise building is directly in front of me. There is a large highway to my left and a smaller road to my right.  
E. Many small buildings are clustered around me, with narrow streets between them.  ",A,Cognitive Map,1919,
77,RealWorld_GN_4_0.mp4,"Question: At the initial position, you are asked to navigate to the roof of a building three floors ahead. Is the destination within sight at the current location? If yes, where is the destination in your view?  
choose:  
A. I see the roof of the three-story building ahead in the lower right part of my field of view.  
B. I see the roof of the three-story building ahead in the lower left part of my field of view.  
C. I see the roof of the three-story building ahead in the upper center of my field of view.  
D. I cannot see the roof of the three-story building ahead in my field of view.  
E. I see the roof of the three-story building ahead on the right side of my field of view.  ",C,Goal Detection,4562,
78,AerialVLN_53_3II4UPYCOS52LEPD6M27P5ZONEUQDZ_7.mp4,"Question: Navigation Instruction given at initial position: [take off go straight and reach the pool land slightly and see the city. from the pool take left and go straight and next to the top building comes a little right. from there taking right and reaching the four side road. take a left fro the road and travel to the large building opposite to the charlie chocolate. take a right from the chocolate factory and go to the roof top. after the roof top and reach the road then landed before the lamp post.]. At the initial position, you are asked to move according to a series of movement instructions. In terms of next steps, what is your best next step?  
choose:  
A. I turn right and descend.  
B. I rise and fly forward.  
C. I descend and fly forward.  
D. I turn left and go up.  
E. I rotate the camera downward and fly forward.  ",C,Action Generation,3169,
79,AerialVLN_42_30OG32W0S39MANQLMPLARTM4IDDNE3_0.mp4,"Question: Navigation Instruction given at initial position: [take off and turn right move forward and fly towards the top of brown tower. now turn right move little forward near by pond slow down to the floor. now turn left move towards the mid centre of pond behind the tree slow down and stay there.]. At the initial position, you are asked to follow a series of movement instructions. In terms of next steps, what is your best next step?  
choose:  
A. I go up and turn right.  
B. I descend and then fly forward.  
C. I fly forward while descending.  
D. I turn left and descend.  
E. I rotate the camera up, then down.  ",B,Action Generation,2990,
80,RealWorld_12.mp4,"Question: You move according to a series of movement instructions. In terms of next steps, what is your best next step?  
choose:  
A. I fly forward.  
B. I descend and turn right.  
C. I fly forward and rotate the camera upward.  
D. I turn left and go up.  
E. I turn right and descend.  ",A,Action Generation,4367,
81,AerialVLN_51_3RSDURM96JKGMMUZTRUL89KBMYHEYM_2.mp4,"Question: Navigation Instruction given at initial position: [take of from the river and turn left towards the city and go straight towards the buildings. then take left and then take immediate right towards the board and then suddenly take left and go straight towards the statue then turn right and take of. then go towards the drink ice cold, sun noon board and then take left there was an highest building and then take right from the building then take immediate left from that building in opposite there was an bolt cola board is that our destination.]. At the initial position, you are asked to move according to a series of movement instructions. What are you doing now?
choose:  
A. I am crossing the water.  
B. I am turning right at the building.  
C. I am turning right and taking a path.  
D. I am flying over buildings.  
E. I am turning left at the tallest building.  ",B,Progress Evaluation,3132,
82,EmbodiedCity_86_0.mp4,"Question: At the initial position, you are asked to navigate to the open space to the right of the ""Mr. Fan"" shop in the residential area below. What are your next steps?  
choose:  
A. I rise and rotate the camera upward.  
B. I descend and rotate the camera upward.  
C. I fly forward.  
D. I turn left.  
E. I rotate around.  ",E,Action Generation,1876,
83,AerialVLN_36_3UJ1CZ6IZQNJUHPXJK9TMTQXTML5S2_7.mp4,"Question: Navigation Instruction given at initial position: [rise up and turn to the right and move forward and keep moving till you are about at the middle of the lake. stop and turn to the right so that you are having the two large towers and move forward. stop right over the trees, turn to the right then lower you height then turn back again to the left. rise up and move the trees and stop when you are in front of the building. move slightly to the right so that you are able to go between the buildings keep moving so that you are in front or the blue building. rise up and look at the billboard then drop your height and stop.]. At the initial position, you are asked to move according to a series of movement instructions. What are you doing now?  
choose:  
A. I go up to see the billboard, then I go down.  
B. I stand up, move toward the tree, and stop in front of the building.  
C. I turn back.  
D. I turn right at the building.  
E. I move slightly to the right so that I can navigate between buildings.  ",A,Progress Evaluation,2907,
84,AerialVLN_65_3IUZPWIU1X5FJHR9ACN0L7C0VNSKWS_7.mp4,"Question: Navigation Instruction given at initial position: [take of and go straight towards the daves car wash building and go up of the building and again down to the building. take right from the shop and suddenly take left and go straight toward the street and cross the farmers market on the left. and take up to the building and go straight the turn the first right and go straight towards the loans building then take immediate left from the building. go straight toward the charlie a chocolate shop and again return to the front building of national optician health insurance is our destination.]. You move according to a series of movement instructions. At this point, what is the best next step for you?  
choose:  
A. I fly forward and then rise.  
B. I descend and turn right.  
C. I turn left and fly forward.  
D. I go up and turn left.  
E. I fly forward while rotating the camera downward.  ",C,Action Generation,3398,
85,AerialVLN_0_35H6S234SJYE7JR0C76QLOU436G65H_6.mp4,"Question: Navigation Instruction given at initial position: [rise from the concrete and turn right. fly over the middle of the street until you reach the buildings on the left with the short concrete wall like structure around them. turn left right beside the buildings and fly along beside them. when you get to the middle darker brown building then angle straight up and fly toward the top of the building. before you get to the top turn right and begin to level off. fly toward the building with the half pipe or half circle design on the edge of the roof. when you get to the half circle then turn left and downward and fly toward the red roof of the smaller building beside the one you climbed. stop well before you get to the roof.]. At the initial position, you are asked to move according to a series of movement instructions. In terms of next steps, what is the best next step for you?  
choose:  
A. I go up and turn right.  
B. I descend and fly forward.  
C. I fly forward while rising.  
D. I turn left and descend.  
E. I rotate the camera downward and fly forward.  ",B,Action Generation,2117,
86,AerialVLN_85_3M81GAB8A9H96HRTSQB1UFBOLXQBQU.mp4,"Question: What objects do you observe when approaching a multi-story building?  
Choice:  
A. I observe a large park with a lake and the facade of a multi-story building.  
B. I observe wide streets and rooftop gardens while flying close to buildings.  
C. I observe billboards and prominent buildings below the vantage point.  
D. I observe a monument and a playground near a multi-story building.  
E. I observe trees and benches on the roadside near the building.",A,Scene Recall,624,
87,RealWorld_3.mp4,"Question: Starting from your position, you are required to navigate to the entrance of the community. There is a moon-shaped blue pool in front. What is the correct summary of your trajectory from the beginning to the current position?  
Choice:  
A. I start from above the playground, rise to a certain height, turn left and adjust the field of view, fly forward, and then adjust the field of view to reach the current position.  
B. I start from a high-rise building, descend to the ground, move along the road, and reach the current location.  
C. I start from the park, fly over the basketball court, rise to a higher altitude, and move towards the residential area.  
D. I start from the scooter lane in the park, turn left to face the street outside the park, gradually rise to the height above the high-rise building, and move forward to my current location, which is the residential area above the park entrance, with a blue moon-shaped pool in front.  
E. I start from the high-rise building and move directly to the entrance of the community.  ",A,Trajectory Captioning,4553,
88,AerialVLN_77_3DHE4R9OC59O5FXJ61DEZ84IL4AG28_5.mp4,"Question: Navigation Instruction given at initial position: [take off and fly upwards same to the building height and take a turn and fly straight to the opposite building after reaching the building turn left. after turning left fly between the gap of the building and fly downwards to the lake and fly upwards from the lake and turn left and fly straight towards the building at the opposite and fly near to the entrance of the park. fly upwards and take a turn and start flying straight to the building at the opposite crossover the lake after reaching the building fly near the eds butcher shop and fly upwards and again take a turn. after taking a turn fly straight towards the tall building in the opposite fly at the same height of the building. after reaching the tall building turn right to the opposite of the building and start flying downwards continuously towards the lake fly downwards at the center of the lake.]. You move according to a series of movement instructions. What are you doing now?  
choose:  
A. I fly over buildings.  
B. I fly near Ed's Butcher Shop.  
C. I go to the chair between the buildings.  
D. I turn right at the building.  
E. I go across the water.  ",E,Progress Evaluation,3618,
89,EmbodiedCity_11.mp4,"Question: Where do you start and end your journey?

Choices:  
A. Start between the skyscrapers and end at the rooftop of the city center building.  
B. Start at the city square and end at the conical rooftop of a tower.  
C. Start between tall buildings and end at the balcony on the 22nd floor.  
D. Start at the base of a tower and end at the numbered floors of another building.  
E. Start at the parking lot and end at the cityscape view.  ",C,Start/End Position,15,
90,EmbodiedCity_68.mp4,"Question: Which takes longer, your descent to the shop with the red sign displaying ""安个家"" or your navigation over the narrow pathway between tall structures?  
Choices: A. My descent takes the same time as my navigation over the narrow pathway.  
         B. My descent takes shorter than my navigation over the narrow pathway.  
         C. My descent takes longer than my navigation over the narrow pathway.  ",C,Duration,79,
91,AerialVLN_44_392CY0QWGAPC4KI103W5DZEWKVCI4C_4.mp4,"Question: Navigation Instruction given at initial position: [take off and turn left and move forward and get down towards the white building terrace. now turn right and go over the buildings and trees towards the pond. now turn left and go over the buildings and get down reach the road and landed.]. At the initial position, you are asked to navigate based on a series of movement instructions. In terms of next steps, what is the best next step for you?  
choose:  
A. I go up and turn left.  
B. I descend and then fly forward.  
C. I fly forward while descending and turning right.  
D. I turn left and go up.  
E. I rotate the camera downward.  ",A,Action Generation,3048,
92,EmbodiedCity_87.mp4,"Question: Instead of descending further, if you choose to maintain your altitude, can you still reach the two-story small house with a blue roof in the community?  
Choices:  
A. I cannot complete the task because I may overshoot the target, and the hypothetical movement takes longer.  
B. I can complete the task because I have a clear line of sight, but the hypothetical movement takes longer.  
C. I cannot complete the task because the house is obscured by taller buildings.  ",B,Counterfactual,167,
93,RealWorld_GN_21_1.mp4,"Question: You are navigating to the vicinity of the tower crane at the construction site ahead. Thinking back on past actions and objects seen, what do the surroundings of your current location look like?  
Choice:  
A. There is a big park in front of you with a pond. There are several low-rise buildings on the right. Behind you is a busy street with many vehicles.  

B. There is a construction site in front of you with a crane and several concrete mixers. There is a street on the left with motorcycles and cars. Behind you is a large undeveloped area with small sheds and gardens.  

C. There are several high-rise residential buildings on the left and right sides of you. Directly ahead is a large open space with some vegetation. Behind you is a bustling market.  

D. There is a high-rise residential building directly behind you. Ahead is a highway and a large industrial area. There is a small park on the left.  

E. There is a large open space in front of you. Directly behind is a row of high-rise apartments. There is a small shop on the right.  ",B,Cognitive Map,5012,
94,AerialVLN_40_3ITXP059P5HR1G4I8MDNN3928CGJSD_6.mp4,"Question: Navigation Instruction given at initial position: [zoom in on the left tower. resume flying over green bush. turn left at grey building. reverse backwards to the green bush. turn left and zoom in on satellite dish. resume flying over the city buildings. stop and turn left. zoom in on red bulletin board. go to ground level of grey building. turn left at the brown sandstone house. zoom in on ord window of the blue building.]. At the initial position, you are asked to move according to a series of movement instructions. What are you doing now?  
choose:  
A. I fly over buildings.  
B. I go to the ground floor of the gray building.  
C. I continue flying over the green bushes.  
D. I turn left at the brown sandstone house.  
E. I zoom in on the satellite dish.  ",A,Progress Evaluation,2984,
95,AerialVLN_29_3OHYZ19UGL312V9L7ZJ1AZWIN8TOAX_6.mp4,"Question: Navigation Instruction given at initial position: [take off and turn left and move forward and go over the buildings and road and turn right and move forward and go over the buildings and turn left at front of the dates car wash board and move forward. now move forward and get down and besidecharlies chocolate building and turn back and move forward and go over the buildings and get down at intersection road and get up and turn back and move forward. now move forward and get down at front of the white building and turn right and beside sea and move forward and go over the building alley and get down at tastes board with building and land there.]. At the initial position, you are asked to navigate according to a series of movement instructions. What are you doing now?  
choose:  
A. I get off the bus in front of the white building.  
B. I fly over buildings.  
C. I turn right at the building.  
D. I turn left before the date car wash board.  
E. I go through the alley between the buildings.  ",B,Progress Evaluation,2751,
96,EmbodiedCity_42_2.mp4,"Question: You are navigating to ALL-STAR Cafe in Central. Thinking back on past Action Generations and objects you’ve seen, what is the surrounding environment like at your current location?  
Choice:  
A. There is a large park with a playground in front of you, a building to your right, and a two-lane road below you.  
B. There is a large open square in front of me, residential buildings behind me, and a busy intersection below.  
C. There is a building directly in front of me, a busy highway behind me, and a bike path directly below.  
D. There are countless skyscrapers in all directions around me, a small park to my left, and a multi-lane highway below me.  
E. There are several low-rise buildings around me, wide roads, an intersection, many vehicles, street lights, and trees all around.  ",E,Cognitive Map,1406,
97,AerialVLN_83_3JWH6J9I91BO3KE1CYJKQLGJFT2BNJ_3.mp4,"Question: Navigation Instruction given at initial position: [take off and turn back and move forward and go over the buildings and pond and get down at beside the tree and again turn back and fly up. now move forward and go over the trees and road and turn back at top of the brown building and get down at front of the this building. now get down and fly up and turn right and little move forward and turn left and move forward and turn left and move forward and turn back and fly up and beside the blue building and move forward and go over the top of the buildings and turn right and and fly up at front of the brown building. now turn right and again turn right and beside pond and move forward and go over the road and tip of the buildings and turn right and get up and move forward and stay at front of the building.]. At the initial position, you are asked to navigate according to a series of movement instructions. In terms of next steps, what is your best next step?  
choose:  
A. I go up and turn right.  
B. I descend and then fly forward.  
C. I fly forward when rising.  
D. I turn left and descend.  
E. I rotate the camera downward.  ",A,Action Generation,3753,
98,EmbodiedCity_5_1.mp4,"Question: At the initial position, you are asked to navigate to the 28th-floor balcony. Thinking back on past Action Generations and objects you have seen, what should you approach next in order to get from your current location to your destination?  
choose:  
A. I approach the height of the building at 28 stories.  
B. I approach the roof height of high-rise buildings.  
C. I approach the lamppost on the street corner.  
D. I approach the parking lot across the street.  
E. I approach the windows on the 28th floor.  ",A,High-level Planning,1488,
99,AerialVLN_49_3NJM2BJS4547GAIK6DS75URVDUYPCB_4.mp4,"Question: Navigation Instruction given at initial position: [take off and turn left and move forward and go over the building and and turn left and little move forward and turn right and move forward and get down at intersection road and turn right at tree and fly up and move forward. now get down at intersection road and turn left and move forward and our back and fly up and move forward and go over the building and road. now get down front of the pink building and turn back and your see daves car wash building and fly up and move forward and go over the building. now move towards the american board of the building and turn left and fly up and move forward. now get down beside white building and move forward and go over the road and turn left and forward and turn right and move forward and landed at front of american board of the building.]. You move according to a series of movement instructions. In terms of the next steps, what is the best next step for you?  
choose:  
A. I drop down and turn left.  
B. I rise and fly forward.  
C. I fly forward while rising.  
D. I turn right and descend.  
E. I rotate the camera downward.  ",A,Action Generation,3094,
